"","","OPEN INTEREST AT THE BEGINNING OF NEW EXPIRY","","","","","","","","","","","","","OPENING PRICE","",""
"Symbol (214)","","Jul 25","Aug 25","Sep 25","Oct 25","Nov 25","Dec 25","Jan 26","Feb 26","Mar 26","Apr 26","May 26","Jun 26","MoM OI Chg %","May 26","Jun 26","MoM Price Chg%"
"VEDL","-","80945050","78756600","75443450","91046650","106948850","104088800","92631350","77055750","62387500","50965700","15439900","39591050","156.42","739.5","347.1","-53.06"
"AMBER","-","-","486700","610700","486700","672300","1135300","912300","1309400","897400","1020500","1152200","2729600","136.9","8217","7377","-10.22"
"GODFRYPHLP","-","-","-","-","-","-","-","-","-","-","-","1199275","2556675","113.19","2125.2","2310.9","8.74"
"COCHINSHIP","-","-","-","-","-","-","-","-","-","-","-","1659200","3176000","91.42","1702.9","1535","-9.86"
"KFINTECH","-","-","2276100","1472400","2214450","2373750","3205550","2981000","5573500","2476500","2030000","2681000","4817125","79.68","955.05","841.55","-11.88"
"TATACONSUM","-","15517150","14513400","13835800","15890600","17767750","12280400","11461450","11596750","13055350","12868900","8784050","15092000","71.81","1153","1197.7","3.88"
"DALBHARAT","-","3129100","2697825","2201550","2212275","2181400","2230150","2717325","2778750","2379650","2096575","2220725","3524625","58.72","1925.6","1794.3","-6.82"
"ADANIPOWER","-","-","-","-","-","-","-","-","-","-","-","64077500","101054300","57.71","224.89","246.49","9.6"
"MOTILALOFS","-","-","-","-","-","-","-","-","-","-","-","2589275","4036975","55.91","786.85","874.6","11.15"
"NAUKRI","-","8867625","11004375","11995500","10543500","8935125","7739250","7786875","7957500","12540750","9786375","10032375","15321150","52.72","1012.3","988.75","-2.33"
"KAYNES","-","664300","688300","866300","1058400","1110800","1618000","2817200","3380100","3486800","3675200","2787100","4070650","46.05","4102.4","3212.1","-21.7"
"NHPC","-","79385600","51065600","59603200","46924800","53811200","61926400","71808000","71276800","78656000","64684800","83590400","120831950","44.55","85.7","78.32","-8.61"
"BOSCHLTD","-","278950","325850","262025","245775","209675","218350","193875","184600","195250","210475","240925","346750","43.92","37475","36060","-3.78"
"HYUNDAI","-","-","-","-","-","-","-","-","-","-","-","7796800","10848475","39.14","1766.5","1897.4","7.41"
"KPITTECH","-","5103200","4455600","3623600","4201200","3916400","3167475","3378750","3808000","5808900","6324000","5861175","8131775","38.74","737.15","764.85","3.76"
"ASHOKLEY","-","40152500","84740000","103975000","130005000","137375000","115445000","169760000","163195000","147565000","137665000","125655000","173570000","38.13","167.44","160.74","-4"
"KALYANKJIL","-","15162200","20025525","22329700","30517100","30268000","30973000","35027925","29859100","26972125","24038150","25228425","34734625","37.68","415.35","358.2","-13.76"
"PIIND","-","1564150","1561525","1744925","1601425","1657600","2276400","2261350","2705150","3411275","2810500","2719325","3674125","35.11","3097.3","2807.2","-9.37"
"ABCAPITAL","-","55570600","51379400","44550100","61603200","75264900","79394100","75652400","76114300","69288100","45904800","42160000","55982900","32.79","340.7","364.8","7.07"
"NBCC","-","52240500","53183000","51460500","59390500","60853000","76524500","96330000","86378500","87418500","78552500","72936500","95966000","31.57","95.13","96.5","1.44"
"TMPV","-","-","-","-","-","42734400","82830400","89448000","83362400","69092000","61113600","61508800","79480000","29.22","352.7","385.35","9.26"
"HDFCAMC","-","4723800","4788300","4047300","3939000","4146000","4259700","5949600","7068000","4433700","6483000","5175600","6684600","29.16","2777.4","2755.1","-0.8"
"BIOCON","-","36167500","37530000","40097500","39297500","40202500","40100000","44497500","40430000","38875000","31992500","31677500","40112500","26.63","364.4","439.85","20.71"
"DRREDDY","-","9230625","11280000","12368750","13205625","11996875","13488750","12109375","14570625","16804375","10772500","13900625","17575000","26.43","1355.3","1326.5","-2.12"
"HDFCLIFE","-","32737100","28716600","25692700","27728800","32274000","26250400","34104400","33836000","34338700","38537400","41855000","52350100","25.07","594.05","620.25","4.41"
"ICICIBANK","-","98463400","94227000","107086700","124357100","106537200","110294100","120638000","128141300","102830700","127444800","127591100","157894800","23.75","1299.1","1290.2","-0.69"
"BANKINDIA","-","58588400","64194000","54319200","61911200","67641600","49795200","53575600","51979200","51724400","49530000","50746800","62597600","23.35","145.12","145.86","0.51"
"PREMIERENE","-","-","-","-","-","-","-","-","5464225","6699900","8956775","10077450","12305625","22.11","1029","1024.8","-0.41"
"INDUSTOWER","-","59979400","63243400","78562100","86038700","94358500","86084600","84818100","95711700","71223200","63493300","75510600","91553500","21.25","416.3","437.05","4.98"
"BANKNIFTY","-","2272060","1955520","2916760","2072000","1915060","1433025","1247130","1350090","1428750","3101730","2088420","2528250","21.06","55745.2","55457.8","-0.52"
"PAYTM","-","25901350","22204575","28635325","27978475","22609850","21686925","17186125","17418850","20024500","19284275","14187525","17144800","20.84","1134.85","1141.3","0.57"
"MOTHERSON","-","105558600","155730300","153959100","160330500","162439950","155871750","148959150","172083150","150072300","126960600","128166000","153670050","19.9","126.01","136.74","8.52"
"PNB","-","227408000","255792000","258536000","242688000","212560000","200016000","237864000","232600000","224800000","280256000","262408000","314400000","19.81","111.87","106.79","-4.54"
"TORNTPHARM","-","2915750","2315250","2445750","2373250","2193500","2434000","2150250","2432000","2711750","2720500","2700500","3233875","19.75","4207.6","4459.7","5.99"
"BANDHANBNK","-","92318400","82087200","76143600","88581600","98816400","120445200","117475200","105235200","77054400","86767200","86580000","103518000","19.56","179.43","202.22","12.7"
"AMBUJACEM","-","30736650","29384250","29428350","40725300","44880150","47128200","51667350","46406850","50426250","60394950","60844350","72301050","18.83","461.2","451.25","-2.16"
"PGEL","-","-","6881000","7910700","8901200","7521500","10553700","10462350","13124250","10340750","15390000","11041850","13100500","18.64","565.25","468.3","-17.15"
"CANBK","-","195756750","225247500","230141250","262386000","226408500","139698000","130585500","140906250","131800500","205213500","206381250","244248750","18.35","138.01","134.26","-2.72"
"SUZLON","-","-","-","116000000","170184000","238424000","243533025","303528800","308790375","311732525","283836250","278908600","329435125","18.12","57.69","55.02","-4.63"
"SBIN","-","97630500","111511500","105309750","95232000","82067250","67544250","73068000","70955250","53157000","80880000","84009000","99054750","17.91","1086.85","974.2","-10.36"
"360ONE","-","-","4766000","3365000","2341500","2180500","1645500","2253500","3039000","2490500","2584000","4049000","4760000","17.56","1043.65","1134","8.66"
"TATAPOWER","-","69700050","71021000","67216200","59097650","55216000","52086900","57333000","56293350","49919150","54673700","50345450","58928000","17.05","464.35","421.95","-9.13"
"INDIANB","-","6277000","7237000","5959000","6493000","9082000","10540000","9221000","9581000","9695000","8819000","9584000","11200000","16.86","902.15","838.05","-7.11"
"INDHOTEL","-","21819000","27828000","24810000","26292000","26363000","26533000","25686000","27355000","22577000","21132000","21287000","24827000","16.63","654.5","659.3","0.73"
"NTPC","-","128206500","103177500","95425500","98898000","96624000","89491500","87679500","84417000","100758000","83194500","111198000","129490500","16.45","408.65","392.65","-3.92"
"CROMPTON","-","35661600","39115800","41599800","48340800","55828800","51570000","55515600","52293600","48740400","47563200","46562400","53836500","15.62","271.13","290.55","7.16"
"POWERINDIA","-","-","-","-","-","148300","169650","233950","269600","263600","285000","384300","441375","14.85","32965","36250","9.97"
"NUVAMA","-","-","-","622500","1683750","1929375","1632500","2486500","2693000","1759500","1680000","1378000","1574000","14.22","1382.8","1523.8","10.2"
"LTM","-","-","-","-","-","-","-","-","-","-","3658800","3315300","3776550","13.91","4299.1","3972.6","-7.59"
"ABB","-","2101625","2730875","2793875","2319125","2395625","2915875","2254250","2184250","2218625","1981000","2190625","2493625","13.83","7304.5","6784.5","-7.12"
"GODREJPROP","-","5837150","6923950","7479725","9491900","8339375","8275025","8932550","12864775","8196375","7869125","7006725","7964100","13.66","1834","1771.7","-3.4"
"TCS","-","21511875","28867650","28021700","30646875","26873525","27336575","19241600","20025600","27375950","34205150","36184225","40967925","13.22","2412.5","2287.5","-5.18"
"PNBHOUSING","-","9824100","9108450","16416400","15073500","17074850","15700750","15513550","15292550","11819600","12663300","10257000","11605750","13.15","1050.1","1100.7","4.82"
"ALKEM","-","1238000","1138500","1511125","1467375","1484000","1583750","1513125","1260125","1246375","1130875","1089250","1231125","13.03","5418","5420.5","0.05"
"NYKAA","-","43912500","46828125","66096875","56528125","60525000","60406250","47531250","36640625","46106250","42481250","45156250","51034375","13.02","271.78","268.15","-1.34"
"APLAPOLLO","-","3352300","4876200","6574400","9427950","9798250","7197400","8823500","10278800","5703950","4711000","4875500","5507250","12.96","1991","1884","-5.37"
"TVSMOTOR","-","7306600","7429800","8248100","9755900","8673700","7746375","7556850","8105300","8405600","8112125","8452150","9531900","12.77","3515.4","3470.1","-1.29"
"RBLBANK","-","78787625","75650725","37868225","73025000","69107050","71548625","75317350","78349475","56921400","72304275","59750325","67262375","12.57","323.25","347.15","7.39"
"ZYDUSLIFE","-","8675100","8605800","8898300","7991100","7430400","9616500","10387800","8824500","9594900","8974800","9580500","10690200","11.58","917.2","1084.55","18.25"
"VMM","-","-","-","-","-","-","-","-","-","-","-","28033000","31224300","11.38","126.74","121.82","-3.88"
"CDSL","-","8977975","9327575","9391225","8530525","8505825","8779900","10164525","9921800","9910875","10328400","10633350","11836050","11.31","1319.8","1233.3","-6.55"
"LICI","-","12919200","13031200","15366400","12682600","16280600","17416000","20962200","20361600","20736800","16671200","18629800","20690600","11.06","405.5","430.63","6.2"
"BANKBARODA","-","92576250","103784850","114344100","127257975","117207675","92444625","78147225","83459025","81370575","112907925","107025750","118860300","11.06","269.5","272.85","1.24"
"RVNL","-","10012750","15202000","24789875","31466875","34480875","43067475","41759075","46507925","62607350","51676150","47368025","52314575","10.44","305.44","256.6","-15.99"
"ADANIPORTS","-","24211225","21720800","22870775","22524025","25001625","23721500","25061950","25401575","21285225","20057825","19546250","21572600","10.37","1647.5","1816.6","10.26"
"GAIL","-","103020750","91715400","102601800","99001350","85380750","72324000","84627900","93429000","94225950","88622100","70131600","77355450","10.3","166.23","168.94","1.63"
"DMART","-","4125750","5244150","4904700","5892300","5851950","5203500","5049300","4919550","5267550","5052450","3322500","3652800","9.94","4571.2","4136.2","-9.52"
"NMDC","-","233793000","239962500","250290000","271242000","297445500","324999000","346302000","337797000","338013000","330581250","320577750","352255500","9.88","91.39","91.36","-0.03"
"INFY","-","55417600","68042800","70448000","60791200","59595200","70428800","70956400","66801600","83828400","78538400","84826000","93046800","9.69","1155","1166","0.95"
"RELIANCE","-","97795000","119869500","125207000","132937000","116122000","104515000","98293500","119994500","107861000","90249000","104304000","114260000","9.55","1394.1","1363.9","-2.17"
"BPCL","-","40159650","37398600","32891650","33705350","34090475","29188525","24776375","31368925","33130625","56242075","45227500","49487575","9.42","309.8","306.3","-1.13"
"MANKIND","-","834300","1610775","1823850","1631250","1536975","2228625","2175975","1993500","2279925","2643525","3328200","3632675","9.15","2273","2440.6","7.37"
"INDIGO","-","8537100","7156500","8718300","8556750","7564800","6942300","8682450","8117700","8208300","8144550","6856800","7481850","9.12","4472.3","4507.3","0.78"
"IRFC","-","46431250","41701000","40689500","39240250","42262000","40137000","56954250","57039250","60554000","57583250","51590750","56018975","8.58","105.52","98.64","-6.52"
"POLYCAB","-","2139750","1832125","1526375","1806000","1849375","1499500","2538250","3505875","2846625","1914250","1724750","1870125","8.43","8281","9617.5","16.14"
"BAJAJHLDNG","-","-","-","-","-","-","-","-","205900","182350","264550","252600","273750","8.37","10299","10629","3.2"
"SHREECEM","-","262700","252125","235075","221100","277625","257325","288800","251000","327250","362200","371950","399875","7.51","24620","24905","1.16"
"HDFCBANK","-","219600700","207428100","229709700","230891100","204470200","212767500","220177100","261030550","273760850","358021950","328759200","353434050","7.51","785.25","771.85","-1.71"
"GRASIM","-","10970500","12934000","12941250","13765250","15429500","16049000","15632000","15952250","16070750","14373000","14310000","15312250","7","2800.1","3187.3","13.83"
"ADANIENSOL","-","18848700","19510875","19248300","17710650","18370125","19206450","17489250","21120075","21472425","19449450","18577350","19869300","6.95","1445.3","1469.3","1.66"
"POWERGRID","-","82760200","70231600","76013300","77457300","74257700","69908600","92155700","96550400","78432000","72209500","80421300","85843900","6.74","320.05","294.7","-7.92"
"SWIGGY","-","-","-","-","-","-","-","-","26552500","47299200","49361000","40556100","43264025","6.68","284.65","256.1","-10.03"
"MFSL","-","6859200","5218400","4511200","5702400","6213600","6829600","8475200","8920000","8914000","10552800","9128000","9713200","6.41","1620","1739","7.35"
"IDFCFIRSTB","-","390848500","379199100","429590175","401422000","380831500","352171750","321211800","287311675","436694825","445802875","389624200","413321825","6.08","69.16","70.65","2.15"
"HINDUNILVR","-","18533700","15723900","15006600","15218700","17232900","14979000","12360000","13632300","15509100","15860700","14736300","15632400","6.08","2301.6","2195.1","-4.63"
"CONCOR","-","14716000","19470000","21641250","23835000","26328750","38847500","36501250","31270000","31242500","25457500","23135000","24438750","5.64","513.25","479","-6.67"
"BLUESTARCO","-","975975","1258400","1422525","1887925","1479075","1744600","2270450","2364700","2801175","2294825","2733575","2878850","5.31","1878.6","1651","-12.12"
"WAAREEENER","-","-","-","-","-","-","-","-","2282000","2570750","3274075","5261725","5532450","5.15","3466.7","3107.6","-10.36"
"ADANIGREEN","-","17610000","19816200","18153600","19355400","21544800","22767000","24180000","22944000","22312200","21882600","20242800","21261000","5.03","1257.55","1468.4","16.77"
"MAXHEALTH","-","10356675","10678500","13138650","18045825","15704325","15899625","21930825","17925600","13331325","12902925","13118700","13741350","4.75","1010.8","1000","-1.07"
"MAZDOCK","-","3319225","3063375","3306275","3552675","4437650","3783700","5117600","4381400","4165600","4938200","4030800","4216050","4.6","2697.2","2473.5","-8.29"
"FEDERALBNK","-","78525000","77280000","91510000","88805000","81955000","53880000","54020000","51455000","50315000","82010000","76885000","80370000","4.53","292.55","291.55","-0.34"
"BDL","-","2849925","3879200","5342350","4350450","4047225","4661550","5336800","4793600","5462800","4566100","3188150","3314925","3.98","1399.2","1324.6","-5.33"
"AXISBANK","-","65603125","97119375","103586250","87287500","71956875","71959375","77949375","85845000","60580625","69916250","64090625","66494375","3.75","1297.5","1307","0.73"
"SBICARD","-","12788800","14005600","12126400","15551200","19732000","14429600","15664800","15699200","19852000","24059200","25160800","25964800","3.2","647.95","620.4","-4.25"
"ADANIENT","-","17953200","18085200","15608400","13560900","14162700","14330802","21840120","20078511","17430690","18338841","19349580","19965417","3.18","2428","2986","22.98"
"CIPLA","-","12465000","11882250","10818375","10897500","16225500","13818375","12576375","15061875","13148625","12996000","14329875","14782050","3.16","1310.8","1417","8.1"
"VOLTAS","-","11001000","9763500","9811500","11965500","12423000","11053125","10165875","11872875","9971250","11878500","9724125","10027125","3.12","1494.9","1261.8","-15.59"
"TATASTEEL","-","184486500","180895000","180521000","176885500","216254500","259055500","258791500","263516000","210336500","194656000","186285000","191721750","2.92","216.39","208.1","-3.83"
"IREDA","-","32150550","37087500","34079100","35238300","36387150","41344800","48638100","59288250","63662850","52519350","45598650","46871225","2.79","138.66","127.33","-8.17"
"INDUSINDBK","-","42847700","48841100","50579900","54783400","55073200","45066700","44753100","36017800","34698300","39608100","36146600","37107700","2.66","891.75","937.35","5.11"
"PFC","-","53045200","48664200","54094300","45834100","59303400","74441900","80181400","63571300","57804500","60890700","56141800","57625100","2.64","479.25","434.5","-9.34"
"BAJFINANCE","-","99013500","92869500","93928500","87813000","87536250","94920750","88226250","93801750","78498750","72020250","71552250","73353000","2.52","928.8","928.1","-0.08"
"BHEL","-","56781375","52198125","62406750","58818375","61165125","51289875","65186625","77490000","115615500","111176625","118867875","121831500","2.49","355.86","420.35","18.12"
"MUTHOOTFIN","-","3506250","3131150","3398725","2836350","2826175","2562175","3568950","3744400","4747050","3894550","3623125","3712500","2.47","3520.3","3336.8","-5.21"
"COALINDIA","-","76096800","72334350","71575650","68558400","49783950","56947050","55908900","39017700","41967450","51335100","55734750","57056400","2.37","469.35","456.55","-2.73"
"LT","-","15427300","16201675","14752850","16763950","15259125","13264650","13730500","15337700","13408150","16258375","14280875","14581000","2.1","4056.6","4057.7","0.03"
"UNOMINDA","-","2264350","1948100","4072200","3043700","3654200","4158000","4137100","5085300","6252950","4450050","4298250","4383500","1.98","1132.8","1121","-1.04"
"TECHM","-","13540200","16567800","15072600","15065400","16941000","22849800","18950400","19132800","20413200","20200200","18069600","18333600","1.46","1411.8","1452.3","2.87"
"GLENMARK","-","9460125","7309500","7586625","7287375","9190875","15163500","12188250","11107125","11051625","11305125","11157375","11295750","1.24","2419.4","2372.2","-1.95"
"BAJAJFINSV","-","16814000","16236500","17017500","17317500","17705500","18403250","18052500","14950000","12717750","11139250","10916250","11029800","1.04","1789.6","1810.6","1.17"
"LUPIN","-","9540825","11527275","10661550","10685775","10442250","9480050","7055850","6484225","7504225","5924500","6880325","6936000","0.81","2307.6","2279.3","-1.23"
"SONACOMS","-","19129950","20302800","24596250","23532600","17782800","13032250","14556675","15058925","12967850","12398225","14848225","14967050","0.8","602.8","609.25","1.07"
"JINDALSTEL","-","14555625","11638125","12549375","11871250","13960625","11351875","14019375","10290000","9296250","9936875","12081250","12166875","0.71","1274.1","1232","-3.3"
"BSE","-","9479250","10953750","12196500","13981125","12681750","9055875","11908125","9631875","9606375","6878625","7561125","7613200","0.69","3642.5","4421.4","21.38"
"SRF","-","5050200","3874400","3368400","2830800","2986000","4157000","3626000","3337400","3563400","3508200","3396800","3419200","0.66","2546.4","2762.1","8.47"
"IOC","-","92142375","69161625","67903875","82870125","105319500","88296000","94277625","84854250","85678125","105899625","101941125","101994750","0.05","146.09","143.44","-1.81"
"LAURUSLABS","-","19762500","15126600","13115500","17982600","21139500","15937500","16041200","18927800","19257600","18524050","18186600","18133900","-0.29","1094.4","1381","26.19"
"LICHSGFIN","-","26180000","31981000","29175000","29261000","30687000","33344000","32988000","30190000","32107000","32914000","29380000","29159000","-0.75","553.35","548.45","-0.89"
"VBL","-","44591600","34938150","28154700","39435850","40953875","36788500","50747625","45766125","40250250","43121250","49169250","48761325","-0.83","521.05","535.35","2.74"
"SIEMENS","-","2248375","2110875","2106125","2401500","2190375","2690500","2543450","2389800","2239300","2595425","3002300","2977275","-0.83","3839.8","3680.8","-4.14"
"MARUTI","-","2798450","3083900","3030650","3008850","2657100","2572600","2935200","3082700","2824750","3570200","3145750","3112850","-1.05","12923","13279","2.75"
"SOLARINDS","-","658425","833025","692025","837450","878175","872750","1222700","910450","768700","740750","777600","767050","-1.36","15384","18632","21.11"
"YESBANK","-","927588600","975607000","941552500","822159600","1010532300","1070244300","1118542600","1060634400","988886700","1147465600","1235354200","1217720500","-1.43","20.05","23.01","14.76"
"NIFTY","-","16284750","16453050","16915950","18186450","15169275","14550765","15107105","17426435","14272765","23223655","15683980","15445170","-1.52","24069","23978.9","-0.37"
"ANGELONE","-","20682500","21360000","33312500","36715000","30342500","24472500","36187500","30605000","24432500","29200000","21540000","21192500","-1.61","320.67","346.2","7.96"
"UNITDSPR","-","13269600","16109600","13392400","14055200","12914400","13224800","12042000","10659600","9626000","12042400","10666000","10488800","-1.66","1380.2","1301.5","-5.7"
"HINDALCO","-","51660000","45635800","52119200","59782800","62746600","80346000","67672500","47133100","43375500","46447100","33802300","33159000","-1.9","1076.5","1114","3.48"
"ETERNAL","-","161136400","160205200","252670450","250097525","237829450","285245475","288397975","344653125","246976550","214738600","199577500","195641725","-1.97","255.18","252.4","-1.09"
"SAIL","-","121466800","158291300","140083500","151344700","157252600","138523100","203420700","192220600","158084500","168335200","174271300","170826200","-1.98","187.02","205.65","9.96"
"IEX","-","45097500","34335000","34612500","47216250","74898750","63967500","60281250","72138750","64515000","75131250","69821250","68389350","-2.05","124.91","128.47","2.85"
"FORTIS","-","6849450","9466625","9568150","7374125","9403850","13737650","11435900","12052025","10967800","12351175","9430975","9223275","-2.2","954.6","974.2","2.05"
"RECLTD","-","76251375","82328025","85460700","75977250","86799450","94943750","87663800","77285600","77306600","78198400","66383800","64734250","-2.48","377.2","340.1","-9.84"
"HINDZINC","-","42396025","31164000","27462050","30774450","37515625","37725100","34783875","33176675","36813700","40421325","33845525","32970875","-2.58","608.2","650.7","6.99"
"COLPAL","-","4940100","5520375","4901175","4935825","5719275","5978700","6514200","5134500","5682150","6293025","4986900","4855875","-2.63","2119.4","2072.2","-2.23"
"NIFTYNXT50","-","17750","20350","19500","18850","19050","22575","21050","19900","16150","17850","16800","16300","-2.98","70827.8","71323.6","0.7"
"AUBANK","-","17005000","18866000","18843000","20938000","18405000","15742000","20665000","23570000","19466000","25380000","26068000","25261000","-3.1","1029.7","1021","-0.84"
"BEL","-","102081300","118175250","115544700","108280050","110748150","108215925","124269975","115295325","109270425","109442850","111999300","108348450","-3.26","438.6","423.25","-3.5"
"MIDCPNIFTY","-","2351580","2213400","2632560","2784460","1897000","2739000","1980000","2608680","2623200","2788680","2144400","2058240","-4.02","14043.8","14777.15","5.22"
"DELHIVERY","-","11918800","11869000","12900275","13132675","18641800","17708050","17000475","23783650","23576150","26750900","30440250","29149600","-4.24","467.9","467.25","-0.14"
"PIDILITIND","-","6028500","6649500","7805000","8600500","9245000","6815000","7470000","8301000","7794000","7449500","7002500","6704500","-4.26","1397.6","1485.6","6.3"
"SHRIRAMFIN","-","35556675","38151300","47116575","45475650","49559400","54327075","48690675","44526075","33034650","43833900","43002300","41004975","-4.64","958.55","959.25","0.07"
"PATANJALI","-","21267000","29637000","31446900","31517100","33297300","32504400","38274300","37284300","37442700","35059500","33930000","32344300","-4.67","465.9","467.35","0.31"
"MANAPPURAM","-","26742000","20775000","25407000","26793000","29655000","43545000","39303000","42087000","42897000","52488000","49890000","47553000","-4.68","294.6","332.65","12.92"
"BHARTIARTL","-","48508425","44553575","45181525","49229000","44423900","42982275","47775500","54486300","51866200","56891700","60452775","57618450","-4.69","1850.3","1861.7","0.62"
"CGPOWER","-","11137550","17855100","17378250","16773050","14422800","16778150","13982500","18166200","14540100","17730150","20900650","19907000","-4.75","835","884.3","5.9"
"CHOLAFIN","-","11717500","13189375","11406250","14187500","15701875","12428750","12009375","14844375","14918750","19412500","18403750","17470625","-5.07","1544.4","1579.8","2.29"
"ONGC","-","109581750","87426000","78471000","98772750","89817750","87394500","109444500","84948750","117803250","95807250","99945000","94416750","-5.53","302.15","289.85","-4.07"
"FORCEMOT","-","-","-","-","-","-","-","-","-","-","-","225650","212225","-5.95","20530","19900","-3.07"
"UNIONBANK","-","69503475","77813625","88331850","86650350","81220875","88181400","78773850","77840175","58073700","104137950","131002125","123041550","-6.08","171.66","168.99","-1.56"
"HAL","-","9633900","9254700","9604350","8641050","9606450","9392700","9612450","8673300","9549300","8353950","7089450","6656550","-6.11","4365.9","4460.4","2.16"
"HEROMOTOCO","-","5375250","6548100","5362350","5137350","4162500","5740800","5811900","3528150","3555600","3423600","4278600","4016250","-6.13","5092.5","5014","-1.54"
"LTF","-","59594472","50259968","38382124","40822838","47591692","42297608","43683750","45166500","49650750","60732000","43521750","40785750","-6.29","286.21","283.65","-0.89"
"HAVELLS","-","8028000","8320500","8809500","9569000","8902500","7968000","7806000","8857000","9815500","8081500","10302500","9651000","-6.32","1279","1211","-5.32"
"ITC","-","110198400","103123200","99456000","114124800","157489600","175676800","174648000","189019200","172529600","160964800","179099200","167395950","-6.53","305.5","303.15","-0.77"
"TIINDIA","-","1845000","1718200","1766400","2006000","1879200","2012200","3506600","3472600","2759400","2547000","2403600","2237400","-6.91","3013.2","3053.8","1.35"
"SUPREMEIND","-","1392825","1395275","1344525","1214850","1877225","2120125","1761900","1807050","1558025","1970325","2251375","2092125","-7.07","3654.4","3572.6","-2.24"
"GMRAIRPORT","-","181064025","186588225","183128625","211098375","225892350","179536500","168997275","162998775","148176900","139534875","129511800","120207150","-7.18","98.27","96.88","-1.41"
"APOLLOHOSP","-","2701625","2454125","2768500","2845750","2526375","2833375","2992750","3873875","2885750","2402125","1999375","1852250","-7.36","7782.5","8315","6.84"
"GODREJCP","-","8421000","9317500","6154500","11215500","11284000","9443500","9430500","7949500","8466500","10780000","13028000","12049000","-7.51","1093.35","1037.2","-5.14"
"NAM-INDIA","-","-","-","-","-","-","-","-","-","-","-","3616875","3343750","-7.55","1023.8","1091.2","6.58"
"BHARATFORG","-","10009000","11190500","11034500","10298500","9788500","7178500","7515000","6707000","7412500","7479000","7416500","6855000","-7.57","1907.3","1947.6","2.11"
"M&M","-","19865200","23340600","18452000","20339800","18729800","18627400","18063400","18171200","18660200","19342800","19945800","18404800","-7.73","3098.8","3127.8","0.94"
"WIPRO","-","65556000","108312000","118695000","129147000","149433000","125307000","98877000","123492000","163137000","208905000","293496000","270330000","-7.89","192.14","181.41","-5.58"
"UPL","-","35129730","33131105","30146040","33908875","33261185","32980700","40150005","33116200","36533510","27992945","28146060","25921150","-7.9","649.3","659.45","1.56"
"DIXON","-","1714250","1362800","1548950","1522500","1847600","2018000","2876750","2976600","2437100","2656800","2854900","2618050","-8.3","11414","11632","1.91"
"BAJAJ-AUTO","-","2504025","2737425","2502075","3160050","3120600","3062850","3031050","3305700","2874450","3482775","2641650","2410575","-8.75","9498.5","10292","8.35"
"HINDPETRO","-","46864575","53719200","47020500","45714375","44341425","42308325","34356150","36150300","37247850","49517325","34878600","31810725","-8.8","382.3","400.55","4.77"
"TITAN","-","11866575","9788975","9136400","11718875","11027275","9323300","9659300","8474375","9694125","9581075","8818950","7994875","-9.34","4435.5","4133.4","-6.81"
"BRITANNIA","-","3127875","3069125","3387500","3725500","3265500","2796750","2775000","3182750","3325625","2548000","2736625","2476250","-9.51","5684","5363.5","-5.64"
"DLF","-","40590825","34889250","35650725","43154925","35175525","43635075","47213925","57932325","54456600","52215075","45620850","41181650","-9.73","590.5","593.05","0.43"
"PAGEIND","-","150855","280080","235920","196770","206355","228135","237960","282225","233400","303375","309150","278895","-9.79","37730","38375","1.71"
"NESTLEIND","-","19997000","20851000","20469000","18151500","17777500","16012500","16110500","17714000","15803500","17081000","14938500","13448000","-9.98","1444","1437","-0.48"
"JSWSTEEL","-","36955575","37548900","41523300","45366750","46495350","43946550","49127175","50766750","51925725","50391450","49117725","44155800","-10.1","1288.3","1301.2","1"
"MPHASIS","-","4754750","4071375","3833500","4007850","3577200","5874275","5384500","4601300","5268450","5041300","4748700","4254250","-10.41","2280.5","2287.4","0.3"
"OBEROIRLTY","-","5013750","5087950","4615800","4538800","4496800","4336500","4090450","5371100","5278700","8495550","6968500","6223700","-10.69","1709","1685.7","-1.36"
"AUROPHARMA","-","17353600","18579550","19037700","19018450","24365550","24153250","21865250","21022650","22605550","19833000","20213050","18051550","-10.69","1430.7","1474.2","3.04"
"PRESTIGE","-","3675150","5158350","4775850","4611600","3920850","3771000","3783600","4220100","4343850","6241050","5899950","5265000","-10.76","1408.6","1414.2","0.4"
"DIVISLAB","-","2826400","2970800","2465200","2609800","2298500","3172500","3284700","3342900","2758300","2665400","2475500","2207400","-10.83","6450","6800.5","5.43"
"PHOENIXLTD","-","3426150","4010650","3638600","4305000","4270700","3515400","3098900","3916500","3853850","3701950","3960600","3513300","-11.29","1770.7","1796.1","1.43"
"JSWENERGY","-","36270000","41504000","39886000","39233000","40560000","43903000","42493000","33931000","31018000","27130000","25041000","22030825","-12.02","583.85","578.5","-0.92"
"INOXWIND","-","39206325","27861080","41325360","47080808","53758960","80352163","89117600","92174225","100257300","104701025","92885650","81652100","-12.09","103.58","96.95","-6.4"
"EICHERMOT","-","3052350","3021550","4295375","3985275","3331825","3039725","2954400","2901200","3048600","3535600","3597500","3158700","-12.2","7116.5","7412","4.15"
"TRENT","-","5599800","7104100","6283600","8360100","8154500","8042100","8500100","7949400","6697600","6618300","7113300","6240250","-12.27","4266.5","4228.4","-0.89"
"HCLTECH","-","13841800","19672800","18619300","19879650","17059350","17508750","15797950","17423350","24957800","34183800","45397450","39810600","-12.31","1200","1161.3","-3.22"
"ICICIGI","-","4902300","4884750","5009225","4987775","5811325","5707650","5272800","5490550","4752800","4860050","5360550","4654000","-13.18","1782.1","1866.6","4.74"
"JIOFIN","-","95778950","109502950","113982050","137681800","146550700","150886450","157774300","165000550","173298400","157229100","199258850","172856600","-13.25","251.89","242.09","-3.89"
"JUBLFOOD","-","20720000","19811250","22958750","20536250","21560000","18785000","23321250","23485000","23665000","24201250","38360000","33130000","-13.63","478.75","430.55","-10.07"
"IDEA","-","4824062175","5329033050","5569832325","5929351575","6441684375","6326395200","6669832575","7015485675","6931574025","6424244475","6476635650","5560040250","-14.15","10.01","14.22","42.06"
"POLICYBZR","-","5855150","7751450","7051100","7564550","8360100","7570850","6007750","6780900","9600150","7728700","8556100","7315350","-14.5","1674.6","1797.9","7.36"
"CAMS","-","9624750","10687500","10331250","9269250","10008000","7734750","7620000","6741000","6446250","5038500","6683250","5712675","-14.52","761.05","775.05","1.84"
"KEI","-","952175","881825","900025","1207150","1135400","997150","900550","1104600","1390900","1932700","1639050","1393175","-15","4971.7","5338.2","7.37"
"OFSS","-","926025","994425","856125","1004775","1253775","1269675","1324725","1125525","1478250","1572225","1245150","1056725","-15.13","9408","9783","3.99"
"CUMMINSIND","-","3710200","3363400","3096200","3009600","3017200","3104400","3246400","3460200","3493800","3397800","3955600","3356000","-15.16","5268.9","5462","3.66"
"PETRONET","-","38782800","37605600","36849600","37812600","42721200","42934300","43964100","40052000","36785900","33582500","32566000","27114900","-16.74","279.04","281.85","1.01"
"ASIANPAINT","-","13893000","13881750","13810500","13347500","12533500","10674500","13268750","13042750","12576250","13998750","13638000","11234000","-17.63","2478","2646.4","6.8"
"SUNPHARMA","-","17540600","19349750","15823500","16593500","17628450","14996800","16637950","20091750","22241450","17082450","28378350","23211650","-18.21","1758.9","1855","5.46"
"ULTRACEMCO","-","2921100","2518000","2239800","2386350","2513000","2480000","3042700","2793950","2041900","2308150","3035300","2471850","-18.56","11841","11700","-1.19"
"NATIONALUM","-","60641250","63641250","65085000","79920000","75011250","67893750","53486250","48011250","57191250","58286250","51251250","41538750","-18.95","441.45","418.45","-5.21"
"OIL","-","16619400","10215800","11243400","9069200","9486400","10865400","10764600","12714800","16350600","22670200","18970000","15373400","-18.96","500.6","496.35","-0.85"
"MCX","-","9246875","11390625","10471875","11760000","13481250","12000625","14330625","14710000","11579375","12190000","12948125","10481625","-19.05","2913.9","3321.6","13.99"
"COFORGE","-","12146250","14785500","11112750","13277250","13209750","12800250","17523375","12298500","22542750","19780125","18925875","15218825","-19.59","1203.6","1424.1","18.32"
"LODHA","-","5415750","9149850","8471700","9400050","11450700","9686700","12586050","12303900","7582950","21714300","15430950","12373150","-19.82","887","908.85","2.46"
"DABUR","-","23202500","16286250","20040000","25941250","18365000","17086250","20101250","22565000","24166250","31136250","28113750","22542500","-19.82","451.9","450.55","-0.3"
"MARICO","-","19552800","20955600","26749200","27758400","26947200","31303200","32834400","29211600","26408400","26376000","22202400","17654400","-20.48","784","834.35","6.42"
"KOTAKBANK","-","132422000","160156000","186424000","192204000","158022000","181406000","206478000","198706000","190636000","211856000","234284000","185406000","-20.86","380.35","390.9","2.77"
"ASTRAL","-","5421725","5674175","7302775","7461300","8120050","7825950","7470650","7237750","7816600","8959850","9238225","7250075","-21.52","1546.7","1565.7","1.23"
"TATAELXSI","-","1943700","2032100","2219300","2593600","2498000","2159800","1464200","1202000","1526500","1772800","2398100","1874450","-21.84","4137.6","4247.2","2.65"
"PERSISTENT","-","2516600","2966100","2419700","3034800","2491100","1975100","2286000","2087100","4660500","5410100","4338400","3391075","-21.84","4824.9","5111.8","5.95"
"ICICIPRULI","-","15642675","13505925","11371950","11836300","12082350","13899975","16458525","13312600","18199375","17694325","20552575","16062625","-21.85","522.25","524.1","0.35"
"EXIDEIND","-","22318200","21457800","29970000","30709800","35314200","33163200","30965400","31075200","28899000","28825200","27757800","21601800","-22.18","357.75","368.15","2.91"
"SAMMAANCAP","-","-","-","-","99282700","99093500","85514100","78105200","80414300","111554900","111838700","104111600","78840500","-24.27","144.41","169.05","17.06"
"SBILIFE","-","9017250","7039125","7111500","6782625","7340250","7554000","8050125","9742875","8668125","10024875","10877625","8166750","-24.92","1814.8","1892","4.25"
"FINNIFTY","-","70070","75140","85280","28665","35360","29960","33120","50100","22620","16920","23460","13860","-40.92","26091.5","26061.8","-0.11"